,Name,Name_no_underscore,Gender,Branches,Links,Main_character,Warehouse_worker,Community
0,A.J.,A.J.,Male,Dunder Mifflin Nashua,"['Michael Scott', 'Pam Beesly', 'Holly Flax']",0,0,0
1,Abby,Abby,Female,[],"['Pam Beesly', 'Stacy']",0,0,2
2,Alan,Alan,Male,[],"['Pam Beesly', 'Ryan Howard', 'Kelly Kapoor']",0,0,3
3,Alan_Brand,Alan Brand,Male,[],"['Michael Scott', 'David Wallace', 'Charles Miner', 'Oscar Martinez', 'Jan Levinson', 'Jim Halpert']",0,0,3
4,Alex,Alex,Male,[],"['Karen Filippelli', 'Pam Beesly']",0,0,3
5,Alice,Alice,Female,['Dunder Mifflin Scranton'],"['Pete Miller', 'Erin Hannon', 'Andy Bernard']",0,0,4
6,Amy,Amy,Female,[],['Toby Flenderson'],0,0,0
7,Andy_Bernard,Andy Bernard,Male,"['Dunder Mifflin Stamford', 'Dunder Mifflin Scranton']","['Erin Hannon', 'Kevin Malone', 'Todd Packer', 'Carla Fern', 'Pete Miller', 'Gabe Lewis', 'David Wallace', 'Angela Martin', 'Deangelo Vickers', 'Walter Bernard Jr.', 'Karen Filippelli', 'Jim Halpert', 'Robert California', 'Bob Vance', 'Pam Beesly', 'Cathy Simms', 'Darryl Philbin', 'Unnamed Cousin', 'Ryan Howard', 'Michael Scott', 'Jo Bennett', 'Walter Bernard Sr.', 'Stanley Hudson', 'Nellie Bertram', 'Alice', 'Nick', 'Ellen Bernard', 'Josh Porter', 'Garbage', 'Dwight Schrute', 'Jan Levinson', 'Jamie', 'Toby Flenderson']",1,0,4
8,Andy_Roddick,Andy Roddick,Male,[],"['Astrid Levinson', 'Jan Levinson']",0,0,6
9,Angela%27s_cats,Angela%27s cats,Unknown,[],"['Garbage', 'Angela Martin', 'Bandit', 'Andy Bernard', 'Sprinkles']",0,0,5
10,Angela_Martin,Angela Martin,Female,['Dunder Mifflin Scranton'],"['Erin Hannon', 'Kevin Malone', 'Karen Filippelli', 'Rachael Martin', 'Pam Beesly', 'Phillip Schrute', 'Phyllis Vance', 'Michael Scott', 'Charles Miner', 'Oscar Martinez', 'Meredith Palmer', 'Sprinkles', 'Bandit', 'Andy Bernard', 'Garbage', 'Robert Lipton', 'Dwight Schrute']",1,0,5
11,Angelo_Grotti,Angelo Grotti,Male,[],"['Dwight Schrute', 'Pam Beesly', 'Oscar Martinez', 'Jim Halpert', 'Andy Bernard']",0,0,4
12,Arnie_Rissman,Arnie Rissman,Male,[],"['Michael Scott', 'Evan']",0,0,0
13,Ashley,Ashley,Female,[],"['Erin Hannon', 'Oscar Martinez']",0,0,4
14,Asian_Jim,Asian Jim,Male,[],"['Dwight Schrute', 'Pam Beesly', 'Jim Halpert']",0,0,1
15,Astrid_Levinson,Astrid Levinson,Female,[],"['Michael Scott', 'Andy Roddick', 'Cecelia Halpert', 'Jan Levinson', 'Kevin Malone', 'Hunter Raymond']",0,0,6
16,Aunt_Carol,Aunt Carol,Female,[],['Ryan Howard'],0,0,3
17,Aunt_Shirley,Aunt Shirley,Female,[],"['Angela Martin', 'Mose Schrute', 'Dwight Schrute', 'Honk', 'Oscar Martinez']",0,0,5
18,Bandit,Bandit,Female,[],"['Angela Martin', 'Dwight Schrute', 'Oscar Martinez', 'Jim Halpert']",0,0,5
19,Barbara_Allen,Barbara Allen,Female,[],"['Michael Scott', 'Pam Beesly']",0,0,0
20,Barbara_Keevis,Barbara Keevis,Female,[],['Michael Scott'],0,0,0
21,Belsnickel,Belsnickel,Unknown,[],"['Dwight Schrute', 'Nate Nickerson']",0,0,5
22,Bert_California,Bert California,Male,[],"['Dwight Schrute', 'Robert California']",0,0,4
23,Bert_Jacobs,Bert Jacobs,Unknown,[],['Creed Bratton'],0,0,0
24,Betsy_Halpert,Betsy Halpert,Female,[],"['Tom Halpert', 'Helene Beesly', 'Gerald Halpert', 'Jim Halpert', 'Pete Halpert', 'William Beesly', 'Phillip Halpert']",0,0,1
25,Bill_Cress,Bill Cress,Male,[],['Kevin Malone'],0,0,2
26,Billy_Merchant,Billy Merchant,Male,[],['Michael Scott'],0,0,0
27,Billy_the_Bartender,Billy the Bartender,Male,[],"['Michael Scarn', 'Andy Bernard']",0,0,6
28,Blind_Guy_McSqueezy,Blind Guy McSqueezy,Male,[],"['Michael Scott', 'Pam Beesly', 'Jim Halpert']",0,0,1
29,Bob_Vance,Bob Vance,Male,[],"['Angela Martin', 'Kelly Kapoor', 'Stanley Hudson', 'Kevin Malone', 'Phyllis Vance', 'Ryan Howard']",0,0,8
30,Brandon,Brandon,Male,[],"['Val Johnson', 'Andy Bernard']",0,0,4
31,Brenda_Matlowe,Brenda Matlowe,Female,['Dunder Mifflin Corporate Office'],"['Michael Scott', 'Kevin Malone', 'Pam Beesly', 'Jan Levinson', 'Jim Halpert', 'Abby']",0,0,2
32,Brian_Wittle,Brian Wittle,Male,[],"['Dwight Schrute', 'Pam Beesly', 'Frank', 'Meredith Palmer', 'Clark Green', 'Jim Halpert']",0,0,8
33,Broccoli_Rob,Broccoli Rob,Male,[],['Andy Bernard'],0,0,4
34,Bruce,Bruce,Male,[],"['Gabe Lewis', 'Mike Tibbets']",0,1,4
35,Cameraman,Cameraman,Male,[],"['Michael Scott', 'Angela Martin', 'James P. Albini', 'Karen Filippelli', 'Rachel Wallace', 'Dwight Schrute', 'Pam Beesly', 'Andy Bernard', 'Mose Schrute']",0,0,5
36,Captain_Jack,Captain Jack,Male,[],"['Michael Scott', 'Meredith Palmer']",0,0,0
37,Carla,Carla,Female,[],"['Michael Scott', 'Andy Bernard']",0,0,4
38,Carla_Fern,Carla Fern,Female,[],"['Darryl Philbin', 'Andy Bernard']",0,0,4
39,Carol_Stills,Carol Stills,Female,[],"['Michael Scott', 'Jan Levinson', 'Michael Scarn']",0,0,6
40,Casey_Dean,Casey Dean,Female,[],['Andy Bernard'],0,0,4
41,Catherine_Zeta-Scarn,Catherine Zeta-Scarn,Female,[],"['Michael Scarn', 'Phyllis Vance', 'Goldenface']",0,0,6
42,Cathy_Becker,Cathy Becker,Unknown,[],['Sasha Flenderson'],0,0,0
43,Cathy_Simms,Cathy Simms,Female,['Dunder Mifflin Scranton'],"['Pam Beesly', 'Jim Halpert']",0,0,4
44,Cecelia_Halpert,Cecelia Halpert,Female,[],"['Michael Scott', 'Angela Martin', 'Erin Hannon', 'Betsy Halpert', 'Deangelo Vickers', 'Helene Beesly', 'Gerald Halpert', 'Sylvia', 'Dwight Schrute', 'Jim Halpert', 'Pam Beesly', 'Phillip Schrute', 'Andy Bernard', 'William Beesly', 'Gabe Lewis']",0,0,1
45,Chad_Ligh,Chad Ligh,Male,[],"['Michael Scott', 'Dwight Schrute', 'Barbara Allen']",0,0,0
46,Charles_Miner,Charles Miner,Male,['Dunder Mifflin Paper Company'],"['Michael Scott', 'David Wallace', 'Angela Martin', 'Kelly Kapoor', 'Dwight Schrute', 'Jim Halpert', 'Ryan Howard']",0,0,3
47,Cherokee_Jack,Cherokee Jack,Male,[],"['Michael Scarn', 'Creed Bratton', 'Goldenface']",0,0,6
48,Chet_Montgomery,Chet Montgomery,Male,[],['Michael Scott'],0,0,0
49,Chris_Finch,Chris Finch,Male,[],['Todd Packer'],0,0,8
50,Chris_Kotter,Chris Kotter,Male,[],['Michael Scott'],0,0,0
51,Christian,Christian,Unknown,[],"['Michael Scott', 'Jan Levinson']",0,0,6
52,Clark_(Lactation_Consultant),Clark (Lactation Consultant),Male,[],"['Jim Halpert', 'Pam Beesly']",0,0,1
53,Clark_Green,Clark Green,Male,['Dunder Mifflin Scranton'],"['David Wallace', 'Angela Martin', 'Erin Hannon', 'Kelly Kapoor', 'Dwight Schrute', 'Creed Bratton', 'Jan Levinson', 'Jim Halpert', 'Stanley Hudson', 'Kevin Malone', 'Pam Beesly', 'Todd Packer', 'Andy Bernard', 'Pete Miller', 'Darryl Philbin', 'Toby Flenderson', 'Phyllis Vance']",1,0,8
54,Colin,Colin,Male,[],['Julius Erving'],0,0,4
55,Conan_O%27Brien,Conan O%27Brien,Unknown,[],['Michael Scott'],0,0,0
56,Concierge_Marie,Concierge Marie,Female,[],"['Michael Scott', 'Oscar Martinez', 'Andy Bernard']",0,0,4
57,Craig,Craig,Male,['Dunder Mifflin Albany'],['Jan Levinson'],0,0,6
58,Creed_Bratton,Creed Bratton,Male,['Dunder Mifflin Scranton'],"['Hannah Smoterich-Barr', 'Michael Scott', 'Oscar Martinez', 'Devon White', 'Holly Flax', 'Dwight Schrute', 'Toby Flenderson']",1,0,0
59,Cynthia,Cynthia,Female,[],"['Eric', 'Maurie', 'Megan', 'Stanley Hudson']",0,0,8
60,Dan_(Karen%27s_husband),Dan (Karen%27s husband),Male,[],['Karen Filippelli'],0,0,3
61,Dan_Gore,Dan Gore,Male,['Dunder Mifflin Buffalo'],"['David Wallace', 'Jan Levinson']",0,0,6
62,Daniel_Donnelly,Daniel Donnelly,Male,[],"['Dwight Schrute', 'Debby Donnelly']",0,0,5
63,Danny_Cordray,Danny Cordray,Male,['Dunder Mifflin Scranton'],"['Michael Scott', 'Steve Nash', 'Meredith Palmer', 'Karen Filippelli', 'Dwight Schrute', 'Jim Halpert']",0,0,0
64,Darryl_Philbin,Darryl Philbin,Male,['Dunder Mifflin Scranton'],"['Kelly Kapoor', 'Jada Philbin', 'Bob Vance', 'Michael Scott', 'Gwyneth Philbin', 'Andy Bernard', 'Val Johnson', 'Holly Flax', 'Dwight Schrute', 'Jan Levinson', 'Toby Flenderson']",1,1,4
65,David_Wallace,David Wallace,Male,['Dunder Mifflin Paper Company'],"['Rachel Wallace', 'Teddy Wallace', 'Karen Filippelli', 'Jim Halpert', 'Robert California', 'Pam Beesly', 'Craig', 'Ryan Howard', 'Michael Scott', 'Charles Miner', 'Oscar Martinez', 'Andy Bernard', 'Holly Flax', 'Dwight Schrute', 'Jan Levinson', 'Toby Flenderson']",0,0,3
66,Dawn_Tinsley,Dawn Tinsley,Female,[],"['Gareth Keenan', 'Pam Beesly', 'Tim Canterbury', 'Lee']",0,0,7
67,Deangelo_Vickers,Deangelo Vickers,Male,['Dunder Mifflin Scranton'],"['Michael Scott', 'Jo Bennett', 'Erin Hannon', 'Creed Bratton', 'Jim Halpert', 'Kevin Malone', 'Andy Bernard', 'Darryl Philbin', 'Holly Flax', 'Gabe Lewis']",0,0,4
68,Debbie_Brown,Debbie Brown,Female,[],['Creed Bratton'],0,0,0
69,Debby_Donnelly,Debby Donnelly,Female,[],"['Daniel Donnelly', 'Dwight Schrute']",0,0,5
70,Deborah_Shoshlefski,Deborah Shoshlefski,Female,[],"['Michael Scott', 'Dwight Schrute']",0,0,5
71,Dennis,Dennis,Male,[],"['Angela Martin', 'Bob Vance']",0,0,8
72,Devon_White,Devon White,Male,['Dunder Mifflin Scranton'],"['Michael Scott', 'Angela Martin', 'Dwight Schrute', 'Creed Bratton', 'Louanne Kelley']",0,0,0
73,Diane_Kelly,Diane Kelly,Female,['Dunder Mifflin Corporate Office'],['Jan Levinson'],0,0,6
74,Donna_(UK),Donna (UK),Female,[],"['Gareth Keenan', 'Tim Canterbury', 'Dawn Tinsley']",0,0,7
75,Donna_Newton,Donna Newton,Female,[],"['Michael Scott', 'Pam Beesly', 'Jim Halpert']",0,0,1
76,Drake_Howard,Drake Howard,Male,[],"['Nellie Bertram', 'Ryan Howard']",0,0,3
77,Dwight_Schrute,Dwight Schrute,Male,['Dunder Mifflin Scranton'],"['Erin Hannon', 'Kelly Kapoor', 'Todd Packer', 'David Wallace', 'Gareth Keenan', 'Angela Martin', 'Jim Halpert', 'Robert California', 'Pam Beesly', 'Mose Schrute', 'Phyllis Vance', 'Aunt Shirley', 'Ryan Howard', 'Michael Scott', 'Jo Bennett', 'Roy Anderson', 'Honk', 'Meredith Palmer', 'Jeb Schrute', 'Fannie Schrute', 'Andy Bernard', 'Toby Flenderson', 'Isabel Poreba', 'Esther Bruegger']",1,0,5
78,Ed_Truck,Ed Truck,Male,['Dunder Mifflin Scranton'],"['Michael Scott', 'Creed Bratton', 'Jan Levinson']",0,0,0
79,Edward_R._Meow,Edward R. Meow,Male,[],['Michael Scott'],0,0,0
80,Elbert_Lapin,Elbert Lapin,Male,[],"['Michael Scott', 'Phyllis Vance']",0,0,8
81,Eldred,Eldred,Male,[],['Dwight Schrute'],0,0,5
82,Elizabeth,Elizabeth,Female,[],"['Dwight Schrute', 'Jan Levinson', 'Bob Vance']",0,0,6
83,Ellen_Bernard,Ellen Bernard,Female,[],"['Andy Bernard', 'Walter Bernard Sr.', 'Walter Bernard Jr.']",0,0,4
84,Eric,Eric,Male,['Dunder Mifflin Scranton'],"['Cynthia', 'Stanley Hudson']",0,0,8
85,Eric_Ward,Eric Ward,Male,[],"['Michael Scott', 'Toby Flenderson', 'Dwight Schrute']",0,0,0
86,Erik,Erik,Male,[],"['Michael Scott', 'Meredith Palmer']",0,0,0
87,Erin%27s_Father,Erin%27s Father,Male,[],['Erin Hannon'],0,0,4
88,Erin%27s_Mother,Erin%27s Mother,Female,[],['Erin Hannon'],0,0,4
89,Erin_Hannon,Erin Hannon,Female,['Dunder Mifflin Scranton'],"['Kelly Kapoor', 'Pete Miller', 'Gabe Lewis', 'Irene', 'Deangelo Vickers', 'Robert California', 'Jim Halpert', 'Pam Beesly', 'Darryl Philbin', 'Ryan Howard', 'Michael Scott', 'Charles Miner', 'Meredith Palmer', 'Andy Bernard', 'Holly Flax', 'Dwight Schrute', 'Reed', 'Dawn Tinsley']",1,0,4
90,Esther_Bruegger,Esther Bruegger,Female,[],['Dwight Schrute'],0,0,5
91,Evan,Evan,Male,[],['Michael Scott'],0,0,0
92,Fannie_Schrute,Fannie Schrute,Female,[],"['Dwight Schrute', 'Jeb Schrute', 'Oscar Martinez', 'Mose Schrute']",0,0,5
93,Fern_Widgale,Fern Widgale,Male,[],"['Lester Schneider', 'Michael Scott', 'Dwight Schrute']",0,0,6
94,Finger_Lakes_Guy,Finger Lakes Guy,Male,[],"['Toby Flenderson', 'Jim Halpert', 'Gabe Lewis']",0,0,4
95,Frank,Frank,Unknown,['Dunder Mifflin Scranton'],['Clark Green'],0,1,8
96,Fred_Henry,Fred Henry,Male,[],['Jim Halpert'],0,0,1
97,Gabe_Lewis,Gabe Lewis,Male,['Dunder Mifflin Paper Company'],"['Erin Hannon', 'Kelly Kapoor', 'Creed Bratton', 'Kevin Malone', 'Todd Packer', 'David Wallace', 'Angela Martin', 'Jim Halpert', 'Robert California', 'Pam Beesly', 'Cathy Simms', 'Ryan Howard', 'Jo Bennett', 'Oscar Martinez', 'Meredith Palmer', 'Andy Bernard', 'Val Johnson', 'Jan Levinson']",1,0,4
98,Garbage,Garbage,Unknown,[],"['Angela Martin', 'Dwight Schrute', 'Bandit', 'Andy Bernard', 'Sprinkles', 'Mose Schrute']",0,0,5
99,Gareth_Keenan,Gareth Keenan,Male,[],"['Dwight Schrute', 'Tim Canterbury']",0,0,7
100,Gerald_Halpert,Gerald Halpert,Male,[],"['Tom Halpert', 'Betsy Halpert', 'Jim Halpert', 'Pete Halpert', 'William Beesly', 'Phillip Halpert']",0,0,1
101,Gil,Gil,Male,[],"['Michael Scott', 'Oscar Martinez', 'Dwight Schrute', 'Jan Levinson', 'Pam Beesly', 'Penny Beesly']",0,0,6
102,Gino,Gino,Male,[],"['Michael Scott', 'Phyllis Vance', 'Pam Beesly', 'Leo', 'Bob Vance']",0,0,8
103,Glenn_(Florida),Glenn (Florida),Male,[],"['Irene', 'Erin Hannon']",0,0,4
104,Glenn_(Warehouse_Worker),Glenn (Warehouse Worker),Male,['Dunder Mifflin Scranton'],"['Philip', 'Darryl Philbin']",0,1,8
105,Glove_Girl,Glove Girl,Female,[],['Michael Scott'],0,0,0
106,Goldenface,Goldenface,Male,[],"['Michael Scarn', 'Jim Halpert']",0,0,6
107,Gordon,Gordon,Male,[],"['Michael Scott', 'Phyllis Vance', 'Pam Beesly', 'Jim Halpert']",0,0,8
108,Gwyneth_Philbin,Gwyneth Philbin,Female,[],['Darryl Philbin'],0,0,4
109,Hank_Doyle,Hank Doyle,Male,[],['Dwight Schrute'],0,0,5
110,Hannah_Smoterich-Barr,Hannah Smoterich-Barr,Female,"['Dunder Mifflin Stamford', 'Dunder Mifflin Scranton']","['Michael Scott', 'Josh Porter', 'Angela Martin', 'Karen Filippelli', 'Creed Bratton', 'Pam Beesly', 'Martin Nash', 'Toby Flenderson', 'Phyllis Vance']",0,0,0
111,Helene_Beesly,Helene Beesly,Female,[],"['Michael Scott', 'Cecelia Halpert', 'Sylvia', 'Jim Halpert', 'Pam Beesly', 'Penny Beesly', 'William Beesly', 'Phillip Halpert']",0,0,1
112,Hidetoshi_Hasagawa,Hidetoshi Hasagawa,Male,['Dunder Mifflin Scranton'],"['Michael Scott', 'Kelly Kapoor', 'Robert California', 'Darryl Philbin', 'Nate Nickerson']",0,1,4
113,Holly_Flax,Holly Flax,Female,"['Dunder Mifflin Scranton', 'Dunder Mifflin Nashua']","['Michael Scott', 'David Wallace', 'Jo Bennett', 'Erin Hannon', 'Oscar Martinez', 'Kelly Kapoor', 'Dwight Schrute', 'Jim Halpert', 'A.J.', 'Kevin Malone', 'Scranton Strangler', 'Pam Beesly', 'Mr. Flax', 'Mrs. Flax', 'Toby Flenderson', 'Phyllis Vance']",0,0,0
114,Honk,Honk,Male,[],['Dwight Schrute'],0,0,5
115,Hunter_Raymond,Hunter Raymond,Male,['Dunder Mifflin Corporate Office'],"['Michael Scott', 'Darryl Philbin', 'Astrid Levinson', 'Jan Levinson', 'Ryan Howard']",0,0,6
116,Irene,Irene,Female,[],"['Erin Hannon', 'Glenn (Florida)', 'Andy Bernard']",0,0,4
117,Isabel_Poreba,Isabel Poreba,Female,[],"['Angela Martin', 'Toby Flenderson', 'Dwight Schrute', 'Pam Beesly', 'Jim Halpert']",0,0,0
118,Ivan_Shotsky,Ivan Shotsky,Unknown,[],"['Michael Scott', 'Dwight Schrute']",0,0,5
119,Jack,Jack,Male,[],['Meredith Palmer'],0,0,0
120,Jada_Philbin,Jada Philbin,Female,[],"['Kevin Malone', 'Darryl Philbin', 'Justine Philbin', 'Kelly Kapoor']",0,0,4
121,Jake_Palmer,Jake Palmer,Male,[],['Meredith Palmer'],0,0,0
122,James_P._Albini,James P. Albini,Male,[],"['Michael Scott', 'Dwight Schrute']",0,0,5
123,Jamie,Jamie,Female,[],['Andy Bernard'],0,0,4
124,Jan_Levinson,Jan Levinson,Female,['Dunder Mifflin Paper Company'],"['Michael Scott', 'David Wallace', 'Josh Porter', 'Jasmine Windsong', 'Oscar Martinez', 'Meredith Palmer', 'Carol Stills', 'Dwight Schrute', 'Jim Halpert', 'Clark Green', 'Michael Scarn', 'Hunter Raymond', 'Astrid Levinson', 'Pam Beesly', 'Martin Nash', 'Andy Bernard', 'Urkel Grue', 'Mr. R. Gould', 'Ryan Howard', 'Holly Flax']",1,0,6
125,Jasmine_Windsong,Jasmine Windsong,Female,[],"['Michael Scarn', 'Jan Levinson', 'Goldenface']",0,0,6
126,Jeb_Schrute,Jeb Schrute,Male,[],"['Fannie Schrute', 'Dwight Schrute']",0,0,5
127,Jerry_DiCanio,Jerry DiCanio,Male,['Dunder Mifflin Scranton'],"['Michael Scott', 'Darryl Philbin', 'Roy Anderson']",0,1,1
128,Jessica_(Andy%27s_Girlfriend),Jessica (Andy%27s Girlfriend),Female,[],"['Ellen Bernard', 'Walter Bernard Jr.', 'Robert California']",0,0,4
129,Jessica_(Vance_Refrigeration),Jessica (Vance Refrigeration),Female,[],"['Dwight Schrute', 'Phyllis Vance']",0,0,8
130,Jim_Halpert,Jim Halpert,Male,"['Dunder Mifflin Stamford', 'Dunder Mifflin Scranton']","['Creed Bratton', 'Todd Packer', 'William Beesly', 'Gabe Lewis', 'Betsy Halpert', 'Tim Canterbury', 'Helene Beesly', 'Karen Filippelli', 'Pam Beesly', 'Cathy Simms', 'Phillip Halpert', 'Tom Halpert', 'Roy Anderson', 'Charles Miner', 'Gerald Halpert', 'Katy Moore', 'Andy Bernard', 'Pete Halpert', 'Cecelia Halpert', 'Dwight Schrute', 'Danny Cordray', 'Penny Beesly', 'Toby Flenderson']",1,0,1
131,Jo_Bennett,Jo Bennett,Female,[],"['Michael Scott', 'David Wallace', 'Robert California', 'Kevin Malone', 'Nellie Bertram', 'Gabe Lewis']",0,0,4
132,Jordan_Garfield,Jordan Garfield,Female,[],"['Jo Bennett', 'Deangelo Vickers', 'Dwight Schrute', 'Creed Bratton', 'Robert California', 'Jim Halpert', 'Pam Beesly', 'Toby Flenderson', 'Gabe Lewis']",0,0,4
133,Josh_Porter,Josh Porter,Male,['Dunder Mifflin Stamford'],"['Michael Scott', 'David Wallace', 'Jan Levinson', 'Neil Godwin', 'Jim Halpert', 'Andy Bernard']",0,0,3
134,Julia,Julia,Female,[],"['Stanley Hudson', 'Andy Bernard']",0,0,8
135,Julie,Julie,Female,[],"['Michael Scott', 'Pam Beesly']",0,0,0
136,Julius_Erving,Julius Erving,Male,[],"['Darryl Philbin', 'Toby Flenderson', 'Dwight Schrute', 'Deangelo Vickers', 'Jim Halpert']",0,0,4
137,Justine_Philbin,Justine Philbin,Female,[],['Darryl Philbin'],0,0,4
138,Karen_Filippelli,Karen Filippelli,Female,"['Dunder Mifflin Utica', 'Dunder Mifflin Stamford', 'Dunder Mifflin Scranton']","['Michael Scott', 'Josh Porter', 'Angela Martin', 'Kelly Kapoor', 'Dwight Schrute', 'Jim Halpert', 'Stanley Hudson', 'Nellie Bertram', 'Pam Beesly', 'Andy Bernard', 'Phyllis Vance', 'Ryan Howard']",1,0,3
139,Katy_Moore,Katy Moore,Female,[],"['Michael Scott', 'Roy Anderson', 'Meredith Palmer', 'Dwight Schrute', 'Jim Halpert', 'Catherine Zeta-Scarn', 'Pam Beesly', 'Ryan Howard']",0,0,1
140,Keith_Bishop,Keith Bishop,Male,[],"['Gareth Keenan', 'Tim Canterbury', 'David Wallace', 'Dawn Tinsley']",0,0,7
141,Kelly_Kapoor,Kelly Kapoor,Female,['Dunder Mifflin Scranton'],"['Jordan Garfield', 'Erin Hannon', 'Creed Bratton', 'Kevin Malone', 'Angela Martin', 'Deangelo Vickers', 'Karen Filippelli', 'Alan', 'Robert California', 'Ravi', 'Pam Beesly', 'Darryl Philbin', 'Phyllis Vance', 'Ryan Howard', 'Michael Scott', 'Charles Miner', 'Andy Bernard', 'Jan Levinson', 'Toby Flenderson']",1,0,4
142,Kendall,Kendall,Male,['Dunder Mifflin Corporate Office'],"['David Wallace', 'Michael Scott', 'Toby Flenderson', 'Dwight Schrute', 'Jim Halpert', 'Holly Flax', 'Meredith Palmer']",0,0,0
143,Kenny_Anderson,Kenny Anderson,Male,[],"['Roy Anderson', 'Pam Beesly', 'Jim Halpert']",0,0,1
144,Kevin%27s_Sister,Kevin%27s Sister,Female,[],['Kevin Malone'],0,0,2
145,Kevin_Malone,Kevin Malone,Male,['Dunder Mifflin Scranton'],"['Erin Hannon', 'Kelly Kapoor', 'Angela Martin', 'Deangelo Vickers', 'Jim Halpert', 'Robert California', 'Pam Beesly', 'Michael Scott', 'Roy Anderson', 'Oscar Martinez', 'Abby', 'Stanley Hudson', 'Stacy', 'Lynn', 'Cecelia Halpert']",1,0,2
146,Konikotaka,Konikotaka,Female,[],['Dwight Schrute'],0,0,5
147,Laura_Anderson,Laura Anderson,Female,[],[],0,0,1
148,Lee,Lee,Male,[],"['Gareth Keenan', 'Roy Anderson', 'Tim Canterbury', 'Dawn Tinsley']",0,0,7
149,Leo,Leo,Male,[],"['Michael Scott', 'Phyllis Vance', 'Pam Beesly', 'Bob Vance', 'Gino']",0,0,8
150,Lester_Schneider,Lester Schneider,Male,[],['Jan Levinson'],0,0,6
151,Lily,Lily,Female,[],"['Sam', 'Sophie', 'Pam Beesly', 'Jim Halpert', 'Andy Bernard']",0,0,1
152,Linda,Linda,Female,[],"['Dwight Schrute', 'Ryan Howard']",0,0,3
153,Lloyd_Gross,Lloyd Gross,Unknown,[],"['Toby Flenderson', 'Dwight Schrute', 'Pam Beesly', 'Jim Halpert']",0,0,0
154,Lonny_Collins,Lonny Collins,Male,[],"['Michael Scott', 'Kelly Kapoor', 'Darryl Philbin', 'Toby Flenderson']",0,1,4
155,Louanne_Kelley,Louanne Kelley,Female,['Dunder Mifflin Scranton'],"['Michael Scott', 'Angela Martin', 'Meredith Palmer', 'Kelly Kapoor', 'Hannah Smoterich-Barr', 'Dwight Schrute', 'Jim Halpert', 'Kevin Malone', 'Pam Beesly', 'Toby Flenderson']",0,0,0
156,Luke_Cooper,Luke Cooper,Male,['Dunder Mifflin Scranton'],"['Michael Scott', 'Darryl Philbin', 'Kevin Malone', 'Angela Martin', 'Phyllis Vance', 'Creed Bratton', 'Andy Bernard']",0,0,0
157,Lynn,Lynn,Female,[],['Kevin Malone'],0,0,2
158,Madge_Madsen,Madge Madsen,Female,['Dunder Mifflin Scranton'],"['Michael Scott', 'Meredith Palmer', 'Dwight Schrute', 'Jim Halpert', 'Pam Beesly']",0,1,0
159,Margaret,Margaret,Female,[],"['Pam Beesly', 'Jan Levinson']",0,0,6
160,Mark,Mark,Male,[],"['Dwight Schrute', 'Jim Halpert']",0,0,5
161,Mark_Franks,Mark Franks,Male,[],['Michael Scott'],0,0,0
162,Martin_Nash,Martin Nash,Male,"['Dunder Mifflin Stamford', 'Dunder Mifflin Scranton']","['Michael Scott', 'Tony Gardner']",0,0,0
163,Marybeth,Marybeth,Female,[],['Michael Scott'],0,0,0
164,Matt,Matt,Male,['Dunder Mifflin Scranton'],"['Jo Bennett', 'Oscar Martinez', 'Pam Beesly', 'Darryl Philbin']",0,1,4
165,Maurie,Maurie,Male,['Dunder Mifflin Scranton'],"['Cynthia', 'Stanley Hudson']",0,0,8
166,Megan,Megan,Female,['Dunder Mifflin Scranton'],"['Cynthia', 'Stanley Hudson']",0,0,8
167,Melissa_Hudson,Melissa Hudson,Female,[],"['Ryan Howard', 'Stanley Hudson', 'Teri Hudson']",0,0,8
168,Melissa_Riley,Melissa Riley,Unknown,[],['Kevin Malone'],0,0,2
169,Melvina_Whitaker,Melvina Whitaker,Female,[],['Dwight Schrute'],0,0,5
170,Meredith_Palmer,Meredith Palmer,Female,['Dunder Mifflin Scranton'],"['Captain Jack', 'Creed Bratton', 'Angela Martin', 'Karen Filippelli', 'Jim Halpert', 'Bob Vance', 'Pam Beesly', 'Phyllis Vance', 'Michael Scott', 'Oscar Martinez', 'Jake Palmer', 'Dwight Schrute', 'Jan Levinson', 'Toby Flenderson']",1,0,0
171,Merv_Bronte,Merv Bronte,Male,[],"['Robert California', 'Jim Halpert']",0,0,4
172,Michael%27s_mother,Michael%27s mother,Female,[],"['Ryan Howard', 'Holly Flax']",0,0,0
173,Michael_(Warehouse_Worker),Michael (Warehouse Worker),Unknown,[],['Michael Scott'],0,1,0
174,Michael_Klump,Michael Klump,Male,[],"['Michael Scott', 'Jim Halpert', 'Holly Flax', 'Julie']",0,0,0
175,Michael_Scarn,Michael Scarn,Male,[],"['Michael Scott', 'Samuel L. Chang', 'Goldenface']",0,0,6
176,Michael_Scotch,Michael Scotch,Unknown,[],"['Michael Scott', 'David Wallace', 'Dwight Schrute']",0,0,3
177,Michael_Scott,Michael Scott,Male,['Dunder Mifflin Scranton'],"['Erin Hannon', 'Carol Stills', 'Donna Newton', 'Gabe Lewis', 'David Wallace', 'Angela Martin', 'Deangelo Vickers', 'Helene Beesly', 'Jim Halpert', 'Luke Cooper', 'Pam Beesly', 'Ping', 'Darryl Philbin', 'Barbara Keevis', 'Ryan Howard', 'Charles Miner', 'Stanley Hudson', 'Blind Guy McSqueezy', 'Andy Bernard', 'Michael Klump', 'Holly Flax', 'Prison Mike', 'Dwight Schrute', 'Jan Levinson', 'Michael Scarn', 'Toby Flenderson']",1,0,0
178,Mike_Tibbets,Mike Tibbets,Male,[],['Cathy Simms'],0,0,4
179,Mikela_Lasker,Mikela Lasker,Female,[],['Michael Scott'],0,0,0
180,Molly,Molly,Female,[],"['Dwight Schrute', 'Jan Levinson']",0,0,6
181,Mose_Schrute,Mose Schrute,Male,[],"['Dwight Schrute', 'Jeb Schrute', 'Jim Halpert', 'Fannie Schrute', 'Pam Beesly', 'Holly Flax']",0,0,5
182,Mr._Brown,Mr. Brown,Male,[],['Michael Scott'],0,0,0
183,Mr._Decker,Mr. Decker,Unknown,[],"['Michael Scott', 'Dwight Schrute', 'Jim Halpert']",0,0,5
184,Mr._Flax,Mr. Flax,Male,[],"['Michael Scott', 'Mrs. Flax', 'Holly Flax']",0,0,0
185,Mr._O%27Malley,Mr. O%27Malley,Male,['Dunder Mifflin Corporate Office'],"['Jan Levinson', 'James P. Albini']",0,0,5
186,Mr._R._Gould,Mr. R. Gould,Male,[],['Jan Levinson'],0,0,6
187,Mrs._Flax,Mrs. Flax,Female,[],['Mr. Flax'],0,0,0
188,Ms._Trudy,Ms. Trudy,Female,[],['Michael Scott'],0,0,0
189,Mykonos,Mykonos,Unknown,[],"['Michael Scott', 'Holly Flax', 'Andy Bernard']",0,0,0
190,Nate_Nickerson,Nate Nickerson,Male,['Dunder Mifflin Scranton'],"['Hidetoshi Hasagawa', 'Dwight Schrute', 'Ravi']",0,1,5
191,Neil_Godwin,Neil Godwin,Male,[],"['Josh Porter', 'Charles Miner', 'Ryan Howard']",0,0,3
192,Nellie_Bertram,Nellie Bertram,Female,[],"['David Wallace', 'Jo Bennett', 'Frank', 'Drake Howard', 'Andy Bernard', 'Ryan Howard']",1,0,3
193,Nick,Nick,Male,[],"['Kelly Kapoor', 'Pam Beesly', 'Darryl Philbin', 'Jim Halpert', 'Ryan Howard']",0,0,4
194,Nick_Figaro,Nick Figaro,Male,[],['Michael Scott'],0,0,0
195,Oscar_Martinez,Oscar Martinez,Male,['Dunder Mifflin Scranton'],"['Erin Hannon', 'Kelly Kapoor', 'Creed Bratton', 'Gil', 'Kevin Malone', 'Goldenface', 'Angela Martin', 'Jim Halpert', 'Robert California', 'Pam Beesly', 'Darryl Philbin', 'Phyllis Vance', 'Ryan Howard', 'Michael Scott', 'Meredith Palmer', 'Stanley Hudson', 'Matt', 'Andy Bernard', 'Holly Flax', 'Robert Lipton', 'Dwight Schrute', 'Jan Levinson', 'Toby Flenderson']",1,0,5
196,Pam_(other),Pam (other),Female,[],"['Dwight Schrute', 'Pam Beesly', 'Nate Nickerson']",0,0,5
197,Pam_Beesly,Pam Beesly,Female,['Dunder Mifflin Scranton'],"['Erin Hannon', 'William Beesly', 'Angela Martin', 'Helene Beesly', 'Karen Filippelli', 'Alan', 'Jim Halpert', 'Robert California', 'Cathy Simms', 'Darryl Philbin', 'Phyllis Vance', 'Ryan Howard', 'Phillip Halpert', 'Roy Anderson', 'Sylvia', 'Stanley Hudson', 'Nellie Bertram', 'Andy Bernard', 'Holly Flax', 'Cecelia Halpert', 'Dwight Schrute', 'Dawn Tinsley', 'Penny Beesly', 'Isabel Poreba']",1,0,1
198,Paris,Paris,Female,[],['Dwight Schrute'],0,0,5
199,Patty_Grossman,Patty Grossman,Female,[],['Dwight Schrute'],0,0,5
200,Paul_Faust,Paul Faust,Male,[],['Creed Bratton'],0,0,0
201,Penny_Beesly,Penny Beesly,Female,[],"['Kevin Malone', 'Pam Beesly', 'Oscar Martinez', 'Gil']",0,0,1
202,Pete_Halpert,Pete Halpert,Male,[],"['Michael Scott', 'Tom Halpert', 'Gerald Halpert', 'Dwight Schrute', 'Pam Beesly', 'Betsy Halpert', 'Jim Halpert']",0,0,1
203,Pete_Miller,Pete Miller,Male,['Dunder Mifflin Scranton'],"['David Wallace', 'Angela Martin', 'Erin Hannon', 'Oscar Martinez', 'Meredith Palmer', 'Kelly Kapoor', 'Robert Lipton', 'Dwight Schrute', 'Creed Bratton', 'Jim Halpert', 'Stanley Hudson', 'Clark Green', 'Kevin Malone', 'Alice', 'Gabe Lewis', 'Pam Beesly', 'Andy Bernard', 'Darryl Philbin', 'Toby Flenderson', 'Phyllis Vance']",1,0,5
204,Philip,Philip,Male,['Dunder Mifflin Scranton'],"['Michael Scott', 'Dwight Schrute', 'Bob Vance']",0,1,8
205,Phillip_Halpert,Phillip Halpert,Male,[],"['Gerald Halpert', 'Angela Martin', 'William Beesly', 'Pam Beesly', 'Betsy Halpert', 'Helene Beesly', 'Jim Halpert', 'Cecelia Halpert']",0,0,1
206,Phillip_Schrute,Phillip Schrute,Male,[],"['Angela Martin', 'Robert Lipton', 'Dwight Schrute', 'Oscar Martinez']",0,0,5
207,Phyllis%27_Sister,Phyllis%27 Sister,Female,[],"['Elbert Lapin', 'Phyllis Vance', 'Bob Vance']",0,0,8
208,Phyllis_Vance,Phyllis Vance,Female,['Dunder Mifflin Scranton'],"['Erin Hannon', 'Kevin Malone', 'Todd Packer', 'Mr. Flax', 'Elbert Lapin', 'Angela Martin', 'Karen Filippelli', 'Jim Halpert', 'Robert California', 'Bob Vance', 'Pam Beesly', 'Darryl Philbin', 'Michael Scott', 'Roy Anderson', 'Oscar Martinez', 'Meredith Palmer', 'Stanley Hudson', 'Nellie Bertram', 'Andy Bernard', 'Val Johnson', 'Devon White', 'Holly Flax', 'Tom Peets', 'Dwight Schrute', 'Catherine Zeta-Scarn', 'Toby Flenderson']",1,0,8
209,Ping,Ping,Male,[],['Michael Scott'],0,0,0
210,Pizza_Delivery_Kid,Pizza Delivery Kid,Male,[],"['Michael Scott', 'Kevin Malone', 'Dwight Schrute', 'Oscar Martinez', 'Ryan Howard', 'Andy Bernard']",0,0,2
211,Polly,Polly,Female,['Dunder Mifflin Stamford'],['Jim Halpert'],0,0,1
212,Prison_Mike,Prison Mike,Male,[],"['Michael Scott', 'Martin Nash']",0,0,0
213,Rachael_Martin,Rachael Martin,Female,[],"['Martin Nash', 'Angela Martin']",0,0,0
214,Rachel_(Andy%27s_Girlfriend),Rachel (Andy%27s Girlfriend),Female,[],"['Andy Bernard', 'Darryl Philbin']",0,0,4
215,Rachel_Wallace,Rachel Wallace,Female,[],"['David Wallace', 'Dwight Schrute', 'Teddy Wallace']",0,0,3
216,Randall,Randall,Unknown,[],['Todd Packer'],0,0,8
217,Ravi,Ravi,Male,[],"['Kevin Malone', 'Nellie Bertram', 'Angela Martin', 'Dwight Schrute']",0,0,5
218,Recyclops,Recyclops,Male,[],['Dwight Schrute'],0,0,5
219,Reed,Reed,Male,[],"['Erin Hannon', 'Andy Bernard']",0,0,4
220,Reggie,Reggie,Male,[],['Deangelo Vickers'],0,0,4
221,Robert_California,Robert California,Male,['Dunder Mifflin Sabre'],"['Hidetoshi Hasagawa', 'Todd Packer', 'Bert California', 'Gabe Lewis', 'David Wallace', 'Jim Halpert', 'Pam Beesly', 'Darryl Philbin', 'Jo Bennett', 'Merv Bronte', 'Nellie Bertram', 'Andy Bernard', 'Robert Lipton', 'Susan California', 'Toby Flenderson']",1,0,4
222,Robert_Dunder,Robert Dunder,Male,[],"['Michael Scott', 'Robert Mifflin', 'Ryan Howard']",0,0,0
223,Robert_Lipton,Robert Lipton,Male,[],"['Angela Martin', 'Deangelo Vickers', 'Oscar Martinez', 'Dwight Schrute']",0,0,5
224,Robert_Mifflin,Robert Mifflin,Male,[],"['Michael Scott', 'Robert Dunder', 'Holly Flax']",0,0,0
225,Rolando,Rolando,Male,[],"['Karen Filippelli', 'Michael Scott', 'Dwight Schrute', 'Pam Beesly', 'Jim Halpert']",0,0,3
226,Rolf_Ahl,Rolf Ahl,Male,[],"['David Wallace', 'Charles Miner', 'Dwight Schrute']",0,0,3
227,Ronni,Ronni,Female,['Dunder Mifflin Scranton'],"['Michael Scott', 'Dwight Schrute', 'Creed Bratton', 'Ryan Howard']",0,0,0
228,Rory_Flenderson,Rory Flenderson,Male,[],"['Michael Scott', 'Toby Flenderson']",0,0,0
229,Rose,Rose,Female,[],"['Michael Scott', 'Dwight Schrute', 'Stanley Hudson', 'Andy Bernard']",0,0,8
230,Roy_Anderson,Roy Anderson,Male,['Dunder Mifflin Scranton'],"['Dwight Schrute', 'Jim Halpert', 'Dawn Tinsley', 'Pam Beesly', 'Lee', 'Laura Anderson', 'Kenny Anderson']",1,1,1
231,Ryan_Howard,Ryan Howard,Male,"['Dunder Mifflin Corporate Office', 'Dunder Mifflin Scranton']","['Kelly Kapoor', 'David Wallace', 'Jim Halpert', 'Robert California', 'Ravi', 'Melissa Hudson', 'Michael Scott', 'Drake Howard', 'Nellie Bertram', 'Jan Levinson', 'Neil Godwin']",1,0,3
232,Sadiq,Sadiq,Male,[],"['Michael Scott', 'Pam Beesly', 'Nick', 'Jim Halpert']",0,0,0
233,Sam,Sam,Male,[],"['Sophie', 'Pam Beesly', 'Jim Halpert', 'Andy Bernard', 'Lily']",0,0,1
234,Samuel_L._Chang,Samuel L. Chang,Unknown,[],"['Michael Scarn', 'Dwight Schrute']",0,0,6
235,Sasha_Flenderson,Sasha Flenderson,Female,[],"['Michael Scott', 'Toby Flenderson', 'Cathy Becker', 'Jim Halpert']",0,0,0
236,Sconesy_Cider,Sconesy Cider,Female,[],['Cecelia Halpert'],0,0,1
237,Scranton_Strangler,Scranton Strangler,Male,[],"['Dwight Schrute', 'Creed Bratton', 'Jim Halpert', 'Andy Bernard', 'Toby Flenderson']",0,0,0
238,Sensei_Billy,Sensei Billy,Male,[],"['David Wallace', 'Sensei Ira Glicksberg']",0,0,3
239,Sensei_Ira_Glicksberg,Sensei Ira Glicksberg,Male,[],"['Michael Scott', 'Dwight Schrute']",0,0,3
240,Seth_(Cece%27s_Godfather),Seth (Cece%27s Godfather),Male,[],"['Michael Scott', 'Pam Beesly', 'Jim Halpert', 'Cecelia Halpert']",0,0,1
241,Sophie,Sophie,Female,[],"['Sam', 'Andy Bernard', 'Pam Beesly', 'Jim Halpert', 'Lily']",0,0,1
242,Sprinkles,Sprinkles,Female,[],"['Michael Scott', 'Angela Martin', 'Dwight Schrute']",0,0,5
243,Stacy,Stacy,Female,[],"['Abby', 'Melissa Riley', 'Jim Halpert', 'Kevin Malone', 'Pam Beesly', 'Phyllis Vance']",0,0,2
244,Stanley_Hudson,Stanley Hudson,Male,['Dunder Mifflin Scranton'],"['Michael Scott', 'Karen Filippelli', 'Cynthia', 'Eric', 'Maurie', 'Megan', 'Teri Hudson', 'Phyllis Vance', 'Melissa Hudson']",1,0,8
245,Stephanie,Stephanie,Female,[],['David Wallace'],0,0,3
246,Steve,Steve,Unknown,[],['Michael Scott'],0,0,0
247,Steve_(actor_friend),Steve (actor friend),Male,[],"['Dwight Schrute', 'Pam Beesly', 'Jim Halpert', 'Cecelia Halpert', 'Phillip Halpert']",0,0,1
248,Steve_Nash,Steve Nash,Unknown,[],['Danny Cordray'],0,0,0
249,Sue,Sue,Female,[],"['Phyllis Vance', 'Pam Beesly']",0,0,8
250,Susan_California,Susan California,Female,[],"['Robert California', 'Andy Bernard']",0,0,4
251,Sylvia,Sylvia,Female,[],"['Penny Beesly', 'Pam Beesly', 'Helene Beesly', 'Jim Halpert', 'Phillip Halpert']",0,0,1
252,Ted_Kassar,Ted Kassar,Unknown,[],"['Michael Scott', 'Josh Porter', 'Jim Halpert']",0,0,3
253,Teddy_Wallace,Teddy Wallace,Male,[],"['David Wallace', 'Rachel Wallace', 'Dwight Schrute']",0,0,3
254,Teresa,Teresa,Unknown,[],"['Andy Bernard', 'Oscar Martinez']",0,0,4
255,Teri_Hudson,Teri Hudson,Female,[],"['Michael Scott', 'Cynthia', 'Dwight Schrute', 'Phyllis Vance', 'Melissa Hudson', 'Stanley Hudson', 'Gabe Lewis']",0,0,8
256,The_Benihana_Trio,The Benihana Trio,Female,[],"['Michael Scott', 'Dwight Schrute', 'Carol Stills', 'Jim Halpert', 'Andy Bernard']",0,0,6
257,The_Gypsy,The Gypsy,Unknown,[],"['The Killer', 'Ryan Howard', 'Meredith Palmer', 'Kelly Kapoor']",0,0,4
258,The_Killer,The Killer,Unknown,[],"['Erin Hannon', 'The Gypsy']",0,0,4
259,Tiffany,Tiffany,Female,[],"['Pam Beesly', 'Andy Bernard']",0,0,4
260,Tim_Canterbury,Tim Canterbury,Male,[],"['Gareth Keenan', 'Dawn Tinsley', 'Jim Halpert']",0,0,7
261,Toby_Flenderson,Toby Flenderson,Male,['Dunder Mifflin Scranton'],"['Sasha Flenderson', 'Kelly Kapoor', 'Kevin Malone', 'Todd Packer', 'Tony Gardner', 'Cathy Becker', 'Angela Martin', 'Jim Halpert', 'Pam Beesly', 'Rory Flenderson', 'Darryl Philbin', 'Phyllis Vance', 'Sadiq', 'Ryan Howard', 'Michael Scott', 'Jo Bennett', 'Oscar Martinez', 'Nellie Bertram', 'Andy Bernard', 'Dwight Schrute']",1,0,0
262,Todd_Packer,Todd Packer,Male,['Dunder Mifflin Scranton'],"['Michael Scott', 'Meredith Palmer', 'Dwight Schrute', 'Creed Bratton', 'Jan Levinson', 'Jim Halpert', 'Bob Vance', 'Chris Finch', 'Phyllis Vance']",0,0,8
263,Tom_Halpert,Tom Halpert,Male,[],"['Gerald Halpert', 'Pam Beesly', 'Betsy Halpert', 'Jim Halpert', 'Pete Halpert']",0,0,1
264,Tom_Peets,Tom Peets,Male,[],"['Michael Scott', 'Phyllis Vance']",0,0,8
265,Tom_Witochkin,Tom Witochkin,Male,[],"['Tom Halpert', 'Jim Halpert', 'Pam Beesly']",0,0,1
266,Tony_Gardner,Tony Gardner,Male,"['Dunder Mifflin Stamford', 'Dunder Mifflin Scranton']","['Michael Scott', 'Toby Flenderson', 'Pam Beesly']",0,0,0
267,Tracy_Fleeb,Tracy Fleeb,Unknown,[],"['Robert Lipton', 'Pam Beesly']",0,0,1
268,Trevor_Bortmen,Trevor Bortmen,Male,[],"['Angela Martin', 'Dwight Schrute', 'Oscar Martinez']",0,0,5
269,Troy_Underbridge,Troy Underbridge,Male,['Dunder Mifflin Corporate Office'],"['Dwight Schrute', 'Ryan Howard']",0,0,3
270,Uncle_Al,Uncle Al,Male,[],"['Phyllis Vance', 'Bob Vance']",0,0,8
271,Uncle_Lucas,Uncle Lucas,Male,[],['Ryan Howard'],0,0,3
272,Unnamed_Cousin,Unnamed Cousin,Female,[],"['Andy Bernard', 'Michael Scott', 'Phyllis Vance']",0,0,4
273,Unnamed_Paintball_Circumciser,Unnamed Paintball Circumciser,Male,[],"['Meredith Palmer', 'Scranton Strangler', 'Jim Halpert', 'Pam Beesly']",0,0,0
274,Unnamed_White_Male,Unnamed White Male,Male,[],"['Toby Flenderson', 'Scranton Strangler']",0,0,0
275,Urkel_Grue,Urkel Grue,Female,[],"['Michael Scott', 'Jan Levinson']",0,0,6
276,Val_Johnson,Val Johnson,Female,['Dunder Mifflin Scranton'],"['Erin Hannon', 'Kevin Malone', 'Nellie Bertram', 'Brandon', 'Andy Bernard', 'Darryl Philbin']",0,1,4
277,Vikram,Vikram,Male,[],"['Michael Scott', 'Pam Beesly']",0,0,1
278,W.B._Jones,W.B. Jones,Male,[],"['Kevin Malone', 'Andy Bernard']",0,0,2
279,Walter_Bernard_Jr.,Walter Bernard Jr.,Male,[],"['Ellen Bernard', 'Walter Bernard Sr.', 'Jim Halpert', 'Andy Bernard']",0,0,4
280,Walter_Bernard_Sr.,Walter Bernard Sr.,Male,[],"['Ellen Bernard', 'Andy Bernard', 'Walter Bernard Jr.']",0,0,4
281,Wesley_Silver,Wesley Silver,Male,[],['Robert Lipton'],0,0,5
282,William_Beesly,William Beesly,Male,[],"['Penny Beesly', 'Pam Beesly', 'Helene Beesly', 'Jim Halpert']",0,0,1
283,William_M._Buttlicker,William M. Buttlicker,Male,[],"['Michael Scott', 'Dwight Schrute', 'Jim Halpert']",0,0,5
